,cluster,Silhouette_Score
0,3,0.3839349967742105
1,4,0.39236034113086576
2,5,0.44364987032532566
3,6,0.4523566166018854
4,7,0.3608804829623216
5,8,0.4228607856082684
